DateTimeKey,Date Time Hour Beginning,Hourly UCLF+OCLF
2026-06-21 00:00:00,2026-06-21 00:00:00,9841.6039999999994
2026-06-21 01:00:00,2026-06-21 01:00:00,9889.6489999999994
2026-06-21 02:00:00,2026-06-21 02:00:00,10327.454
2026-06-21 03:00:00,2026-06-21 03:00:00,10335.384
2026-06-21 04:00:00,2026-06-21 04:00:00,10301.398999999999
2026-06-21 05:00:00,2026-06-21 05:00:00,10301.398999999999
2026-06-21 06:00:00,2026-06-21 06:00:00,10301.398999999999
2026-06-21 07:00:00,2026-06-21 07:00:00,10268.396000000001
2026-06-21 08:00:00,2026-06-21 08:00:00,10384.887000000001
2026-06-21 09:00:00,2026-06-21 09:00:00,10685.002
2026-06-21 10:00:00,2026-06-21 10:00:00,10746.164000000001
2026-06-21 11:00:00,2026-06-21 11:00:00,10795.411
2026-06-21 12:00:00,2026-06-21 12:00:00,10758.291999999999
2026-06-21 13:00:00,2026-06-21 13:00:00,10720.142
2026-06-21 14:00:00,2026-06-21 14:00:00,10771.681
2026-06-21 15:00:00,2026-06-21 15:00:00,10914.429
2026-06-21 16:00:00,2026-06-21 16:00:00,11431.222
2026-06-21 17:00:00,2026-06-21 17:00:00,11448.707
2026-06-21 18:00:00,2026-06-21 18:00:00,11388.017
2026-06-21 19:00:00,2026-06-21 19:00:00,11347.118
2026-06-21 20:00:00,2026-06-21 20:00:00,11220.134
2026-06-21 21:00:00,2026-06-21 21:00:00,11187.418
2026-06-21 22:00:00,2026-06-21 22:00:00,10592.918
2026-06-21 23:00:00,2026-06-21 23:00:00,10540.885
2026-06-22 00:00:00,2026-06-22 00:00:00,10661.894
2026-06-22 01:00:00,2026-06-22 01:00:00,11021.031999999999
2026-06-22 02:00:00,2026-06-22 02:00:00,10861.046
2026-06-22 03:00:00,2026-06-22 03:00:00,11115.405000000001
2026-06-22 04:00:00,2026-06-22 04:00:00,12421.251
2026-06-22 05:00:00,2026-06-22 05:00:00,13201.611000000001
2026-06-22 06:00:00,2026-06-22 06:00:00,13299.710999999999
2026-06-22 07:00:00,2026-06-22 07:00:00,13182.434999999999
2026-06-22 08:00:00,2026-06-22 08:00:00,13118.198
2026-06-22 09:00:00,2026-06-22 09:00:00,13183.627
2026-06-22 10:00:00,2026-06-22 10:00:00,13201.295
2026-06-22 11:00:00,2026-06-22 11:00:00,12990.333000000001
2026-06-22 12:00:00,2026-06-22 12:00:00,13265.117
2026-06-22 13:00:00,2026-06-22 13:00:00,13258.746999999999
2026-06-22 14:00:00,2026-06-22 14:00:00,13089.653
2026-06-22 15:00:00,2026-06-22 15:00:00,13095.736000000001
2026-06-22 16:00:00,2026-06-22 16:00:00,13451.454
2026-06-22 17:00:00,2026-06-22 17:00:00,13318.638000000001
2026-06-22 18:00:00,2026-06-22 18:00:00,12830.986999999999
2026-06-22 19:00:00,2026-06-22 19:00:00,12872.795
2026-06-22 20:00:00,2026-06-22 20:00:00,13258.415000000001
2026-06-22 21:00:00,2026-06-22 21:00:00,13211.009
2026-06-22 22:00:00,2026-06-22 22:00:00,12693.467000000001
2026-06-22 23:00:00,2026-06-22 23:00:00,12071.200000000001
2026-06-23 00:00:00,2026-06-23 00:00:00,12134.34
2026-06-23 01:00:00,2026-06-23 01:00:00,12086.192999999999
2026-06-23 02:00:00,2026-06-23 02:00:00,11988.293
2026-06-23 03:00:00,2026-06-23 03:00:00,11965.905000000001
2026-06-23 04:00:00,2026-06-23 04:00:00,11944.061
2026-06-23 05:00:00,2026-06-23 05:00:00,12022.195
2026-06-23 06:00:00,2026-06-23 06:00:00,12066.237999999999
2026-06-23 07:00:00,2026-06-23 07:00:00,11888.165999999999
2026-06-23 08:00:00,2026-06-23 08:00:00,11740.226000000001
2026-06-23 09:00:00,2026-06-23 09:00:00,11731.813
2026-06-23 10:00:00,2026-06-23 10:00:00,11703.48
2026-06-23 11:00:00,2026-06-23 11:00:00,11684.313
2026-06-23 12:00:00,2026-06-23 12:00:00,11656.152
2026-06-23 13:00:00,2026-06-23 13:00:00,11645.155000000001
2026-06-23 14:00:00,2026-06-23 14:00:00,12064.155000000001
2026-06-23 15:00:00,2026-06-23 15:00:00,12647.319
2026-06-23 16:00:00,2026-06-23 16:00:00,12958.619000000001
2026-06-23 17:00:00,2026-06-23 17:00:00,13159.120999999999
2026-06-23 18:00:00,2026-06-23 18:00:00,12609.906000000001
2026-06-23 19:00:00,2026-06-23 19:00:00,12666.4
2026-06-23 20:00:00,2026-06-23 20:00:00,12522.120999999999
2026-06-23 21:00:00,2026-06-23 21:00:00,12439.162
2026-06-23 22:00:00,2026-06-23 22:00:00,12515.228999999999
2026-06-23 23:00:00,2026-06-23 23:00:00,12550.681
2026-06-24 00:00:00,2026-06-24 00:00:00,12500.907999999999
2026-06-24 01:00:00,2026-06-24 01:00:00,12446.549000000001
2026-06-24 02:00:00,2026-06-24 02:00:00,12446.549000000001
2026-06-24 03:00:00,2026-06-24 03:00:00,12609.966
2026-06-24 04:00:00,2026-06-24 04:00:00,12685.339
2026-06-24 05:00:00,2026-06-24 05:00:00,12881.699000000001
2026-06-24 06:00:00,2026-06-24 06:00:00,12833.686
2026-06-24 07:00:00,2026-06-24 07:00:00,12775.712
2026-06-24 08:00:00,2026-06-24 08:00:00,13018.252
2026-06-24 09:00:00,2026-06-24 09:00:00,13267.222
2026-06-24 10:00:00,2026-06-24 10:00:00,13275.439
2026-06-24 11:00:00,2026-06-24 11:00:00,13149.046
2026-06-24 12:00:00,2026-06-24 12:00:00,12663.005999999999
2026-06-24 13:00:00,2026-06-24 13:00:00,11845.888999999999
2026-06-24 14:00:00,2026-06-24 14:00:00,11759.084000000001
2026-06-24 15:00:00,2026-06-24 15:00:00,12096.671
2026-06-24 16:00:00,2026-06-24 16:00:00,12613.822
2026-06-24 17:00:00,2026-06-24 17:00:00,12351.948
2026-06-24 18:00:00,2026-06-24 18:00:00,12072.253000000001
2026-06-24 19:00:00,2026-06-24 19:00:00,12235.109
2026-06-24 20:00:00,2026-06-24 20:00:00,12064.936
2026-06-24 21:00:00,2026-06-24 21:00:00,11688.512000000001
2026-06-24 22:00:00,2026-06-24 22:00:00,11615.082
2026-06-24 23:00:00,2026-06-24 23:00:00,11664.082
2026-06-25 00:00:00,2026-06-25 00:00:00,11266.620000000001
2026-06-25 01:00:00,2026-06-25 01:00:00,11050.569
2026-06-25 02:00:00,2026-06-25 02:00:00,11011.440000000001
2026-06-25 03:00:00,2026-06-25 03:00:00,10986.433000000001
2026-06-25 04:00:00,2026-06-25 04:00:00,10846.940000000001
2026-06-25 05:00:00,2026-06-25 05:00:00,10934.989
2026-06-25 06:00:00,2026-06-25 06:00:00,10996.776
2026-06-25 07:00:00,2026-06-25 07:00:00,11202.891
2026-06-25 08:00:00,2026-06-25 08:00:00,11448.766
2026-06-25 09:00:00,2026-06-25 09:00:00,11289.651
2026-06-25 10:00:00,2026-06-25 10:00:00,10907.924000000001
2026-06-25 11:00:00,2026-06-25 11:00:00,10683.440000000001
2026-06-25 12:00:00,2026-06-25 12:00:00,10717.956
2026-06-25 13:00:00,2026-06-25 13:00:00,10729.617
2026-06-25 14:00:00,2026-06-25 14:00:00,10381.308999999999
2026-06-25 15:00:00,2026-06-25 15:00:00,9624.0820000000003
2026-06-25 16:00:00,2026-06-25 16:00:00,9932.5159999999996
2026-06-25 17:00:00,2026-06-25 17:00:00,10542.236999999999
2026-06-25 18:00:00,2026-06-25 18:00:00,10590.066999999999
2026-06-25 19:00:00,2026-06-25 19:00:00,10545.331
2026-06-25 20:00:00,2026-06-25 20:00:00,10160.682000000001
2026-06-25 21:00:00,2026-06-25 21:00:00,10040.050999999999
2026-06-25 22:00:00,2026-06-25 22:00:00,10029.312
2026-06-25 23:00:00,2026-06-25 23:00:00,10014.165000000001
2026-06-26 00:00:00,2026-06-26 00:00:00,10009.651
2026-06-26 01:00:00,2026-06-26 01:00:00,10006.931
2026-06-26 02:00:00,2026-06-26 02:00:00,9922.1219999999994
2026-06-26 03:00:00,2026-06-26 03:00:00,9949.2700000000004
2026-06-26 04:00:00,2026-06-26 04:00:00,10059.342000000001
2026-06-26 05:00:00,2026-06-26 05:00:00,10047.883
2026-06-26 06:00:00,2026-06-26 06:00:00,10122.882
2026-06-26 07:00:00,2026-06-26 07:00:00,10122.882
2026-06-26 08:00:00,2026-06-26 08:00:00,10122.882
2026-06-26 09:00:00,2026-06-26 09:00:00,10116.175999999999
2026-06-26 10:00:00,2026-06-26 10:00:00,10049.509
2026-06-26 11:00:00,2026-06-26 11:00:00,9970.8420000000006
2026-06-26 12:00:00,2026-06-26 12:00:00,9970.8420000000006
2026-06-26 13:00:00,2026-06-26 13:00:00,10125.509
2026-06-26 14:00:00,2026-06-26 14:00:00,10130.772000000001
2026-06-26 15:00:00,2026-06-26 15:00:00,10078.18
2026-06-26 16:00:00,2026-06-26 16:00:00,9974.4380000000001
2026-06-26 17:00:00,2026-06-26 17:00:00,9841.3999999999996
2026-06-26 18:00:00,2026-06-26 18:00:00,9766.2189999999991
2026-06-26 19:00:00,2026-06-26 19:00:00,9768.4159999999993
2026-06-26 20:00:00,2026-06-26 20:00:00,9770.7189999999991
2026-06-26 21:00:00,2026-06-26 21:00:00,9653.8189999999995
2026-06-26 22:00:00,2026-06-26 22:00:00,9603.7189999999991
2026-06-26 23:00:00,2026-06-26 23:00:00,9603.7189999999991
2026-06-27 00:00:00,2026-06-27 00:00:00,9755.4269999999997
2026-06-27 01:00:00,2026-06-27 01:00:00,9672.9390000000003
2026-06-27 02:00:00,2026-06-27 02:00:00,9672.9390000000003
2026-06-27 03:00:00,2026-06-27 03:00:00,9742.4220000000005
2026-06-27 04:00:00,2026-06-27 04:00:00,9747.9390000000003
2026-06-27 05:00:00,2026-06-27 05:00:00,9792.9390000000003
2026-06-27 06:00:00,2026-06-27 06:00:00,9871.991
2026-06-27 07:00:00,2026-06-27 07:00:00,9923.0689999999995
2026-06-27 08:00:00,2026-06-27 08:00:00,9820.5859999999993
2026-06-27 09:00:00,2026-06-27 09:00:00,9993.902
2026-06-27 10:00:00,2026-06-27 10:00:00,9906.4570000000003
2026-06-27 11:00:00,2026-06-27 11:00:00,9876.5450000000001
2026-06-27 12:00:00,2026-06-27 12:00:00,9866.2199999999993
2026-06-27 13:00:00,2026-06-27 13:00:00,9866.2199999999993
2026-06-27 14:00:00,2026-06-27 14:00:00,8815.1650000000009
2026-06-27 15:00:00,2026-06-27 15:00:00,8609.4169999999995
2026-06-27 16:00:00,2026-06-27 16:00:00,8611.1090000000004
2026-06-27 17:00:00,2026-06-27 17:00:00,8876.1209999999992
2026-06-27 18:00:00,2026-06-27 18:00:00,8915.6299999999992
2026-06-27 19:00:00,2026-06-27 19:00:00,9015.8880000000008
2026-06-27 20:00:00,2026-06-27 20:00:00,9053.2739999999994
2026-06-27 21:00:00,2026-06-27 21:00:00,9017.7080000000005
2026-06-27 22:00:00,2026-06-27 22:00:00,8994.991
2026-06-27 23:00:00,2026-06-27 23:00:00,8598.4869999999992
2026-06-28 00:00:00,2026-06-28 00:00:00,8321.5840000000007
2026-06-28 01:00:00,2026-06-28 01:00:00,8303.6409999999996
2026-06-28 02:00:00,2026-06-28 02:00:00,8400.5339999999997
2026-06-28 03:00:00,2026-06-28 03:00:00,8870.7389999999996
2026-06-28 04:00:00,2026-06-28 04:00:00,8863.232
2026-06-28 05:00:00,2026-06-28 05:00:00,8720.6049999999996
2026-06-28 06:00:00,2026-06-28 06:00:00,8720.6239999999998
2026-06-28 07:00:00,2026-06-28 07:00:00,8168.9520000000002
2026-06-28 08:00:00,2026-06-28 08:00:00,8351.5259999999998
2026-06-28 09:00:00,2026-06-28 09:00:00,8490.5030000000006
2026-06-28 10:00:00,2026-06-28 10:00:00,8214.5709999999999
2026-06-28 11:00:00,2026-06-28 11:00:00,8045.4620000000004
2026-06-28 12:00:00,2026-06-28 12:00:00,8020.7950000000001
2026-06-28 13:00:00,2026-06-28 13:00:00,8030.3010000000004
2026-06-28 14:00:00,2026-06-28 14:00:00,8134.8649999999998
2026-06-28 15:00:00,2026-06-28 15:00:00,8058.4380000000001
2026-06-28 16:00:00,2026-06-28 16:00:00,8017.2849999999999
2026-06-28 17:00:00,2026-06-28 17:00:00,8481.1790000000001
2026-06-28 18:00:00,2026-06-28 18:00:00,8960.2729999999992
2026-06-28 19:00:00,2026-06-28 19:00:00,8878.1059999999998
2026-06-28 20:00:00,2026-06-28 20:00:00,8790.2729999999992
2026-06-28 21:00:00,2026-06-28 21:00:00,8790.2729999999992
2026-06-28 22:00:00,2026-06-28 22:00:00,8790.2729999999992
2026-06-28 23:00:00,2026-06-28 23:00:00,8763.3809999999994
2026-06-29 00:00:00,2026-06-29 00:00:00,8720.7630000000008
2026-06-29 01:00:00,2026-06-29 01:00:00,8348.0130000000008
2026-06-29 02:00:00,2026-06-29 02:00:00,8550.5130000000008
2026-06-29 03:00:00,2026-06-29 03:00:00,8546.393
2026-06-29 04:00:00,2026-06-29 04:00:00,8545.2530000000006
2026-06-29 05:00:00,2026-06-29 05:00:00,8624.1190000000006
2026-06-29 06:00:00,2026-06-29 06:00:00,8247.9130000000005
2026-06-29 07:00:00,2026-06-29 07:00:00,8247.9130000000005
2026-06-29 08:00:00,2026-06-29 08:00:00,8237.5349999999999
2026-06-29 09:00:00,2026-06-29 09:00:00,8277.2860000000001
2026-06-29 10:00:00,2026-06-29 10:00:00,8335.8060000000005
2026-06-29 11:00:00,2026-06-29 11:00:00,8364.0609999999997
2026-06-29 12:00:00,2026-06-29 12:00:00,9651.0460000000003
2026-06-29 13:00:00,2026-06-29 13:00:00,9584.6029999999992
2026-06-29 14:00:00,2026-06-29 14:00:00,9554.0349999999999
2026-06-29 15:00:00,2026-06-29 15:00:00,9815.7610000000004
2026-06-29 16:00:00,2026-06-29 16:00:00,9925.7129999999997
2026-06-29 17:00:00,2026-06-29 17:00:00,9779.3600000000006
2026-06-29 18:00:00,2026-06-29 18:00:00,9896.4159999999993
2026-06-29 19:00:00,2026-06-29 19:00:00,10147.307000000001
2026-06-29 20:00:00,2026-06-29 20:00:00,10272.933999999999
2026-06-29 21:00:00,2026-06-29 21:00:00,10217.444
2026-06-29 22:00:00,2026-06-29 22:00:00,10618.161
2026-06-29 23:00:00,2026-06-29 23:00:00,10657.694
2026-06-30 00:00:00,2026-06-30 00:00:00,10657.694
2026-06-30 01:00:00,2026-06-30 01:00:00,10556.038
2026-06-30 02:00:00,2026-06-30 02:00:00,10472.864
2026-06-30 03:00:00,2026-06-30 03:00:00,10472.864
2026-06-30 04:00:00,2026-06-30 04:00:00,10825.143
2026-06-30 05:00:00,2026-06-30 05:00:00,11275.165000000001
2026-06-30 06:00:00,2026-06-30 06:00:00,10977.349
2026-06-30 07:00:00,2026-06-30 07:00:00,10638.239
2026-06-30 08:00:00,2026-06-30 08:00:00,10565.143
2026-06-30 09:00:00,2026-06-30 09:00:00,10289.523999999999
2026-06-30 10:00:00,2026-06-30 10:00:00,10543.841
2026-06-30 11:00:00,2026-06-30 11:00:00,10079.924000000001
2026-06-30 12:00:00,2026-06-30 12:00:00,9527.9240000000009
2026-06-30 13:00:00,2026-06-30 13:00:00,9499.3739999999998
2026-06-30 14:00:00,2026-06-30 14:00:00,9588.9240000000009
2026-06-30 15:00:00,2026-06-30 15:00:00,9860.6679999999997
2026-06-30 16:00:00,2026-06-30 16:00:00,10385.018
2026-06-30 17:00:00,2026-06-30 17:00:00,10643.253000000001
2026-06-30 18:00:00,2026-06-30 18:00:00,11233.454
2026-06-30 19:00:00,2026-06-30 19:00:00,10836.65
2026-06-30 20:00:00,2026-06-30 20:00:00,10692.138999999999
2026-06-30 21:00:00,2026-06-30 21:00:00,11243.591
2026-06-30 22:00:00,2026-06-30 22:00:00,11602.147999999999
2026-06-30 23:00:00,2026-06-30 23:00:00,11536.424999999999
2026-07-01 00:00:00,2026-07-01 00:00:00,11359.700000000001
2026-07-01 01:00:00,2026-07-01 01:00:00,11655.933000000001
2026-07-01 02:00:00,2026-07-01 02:00:00,12102.928
2026-07-01 03:00:00,2026-07-01 03:00:00,12298.691000000001
2026-07-01 04:00:00,2026-07-01 04:00:00,12020.867
2026-07-01 05:00:00,2026-07-01 05:00:00,11506.692999999999
2026-07-01 06:00:00,2026-07-01 06:00:00,11439.732
2026-07-01 07:00:00,2026-07-01 07:00:00,11492.034
2026-07-01 08:00:00,2026-07-01 08:00:00,11723.222
2026-07-01 09:00:00,2026-07-01 09:00:00,11714.432000000001
2026-07-01 10:00:00,2026-07-01 10:00:00,11551.099
2026-07-01 11:00:00,2026-07-01 11:00:00,11578.182000000001
2026-07-01 12:00:00,2026-07-01 12:00:00,12009.432000000001
2026-07-01 13:00:00,2026-07-01 13:00:00,12009.432000000001
2026-07-01 14:00:00,2026-07-01 14:00:00,12396.432000000001
2026-07-01 15:00:00,2026-07-01 15:00:00,12163.735000000001
2026-07-01 16:00:00,2026-07-01 16:00:00,12603.178
2026-07-01 17:00:00,2026-07-01 17:00:00,11930.317999999999
2026-07-01 18:00:00,2026-07-01 18:00:00,11342.547
2026-07-01 19:00:00,2026-07-01 19:00:00,10896.698
2026-07-01 20:00:00,2026-07-01 20:00:00,10672.871999999999
2026-07-01 21:00:00,2026-07-01 21:00:00,10677.989
2026-07-01 22:00:00,2026-07-01 22:00:00,10638.121999999999
2026-07-01 23:00:00,2026-07-01 23:00:00,10688.121999999999
2026-07-02 00:00:00,2026-07-02 00:00:00,10646.279
2026-07-02 01:00:00,2026-07-02 01:00:00,10593.174999999999
2026-07-02 02:00:00,2026-07-02 02:00:00,10487.975
2026-07-02 03:00:00,2026-07-02 03:00:00,9839.9599999999991
2026-07-02 04:00:00,2026-07-02 04:00:00,9747.6689999999999
2026-07-02 05:00:00,2026-07-02 05:00:00,9479.0049999999992
2026-07-02 06:00:00,2026-07-02 06:00:00,9028.6810000000005
2026-07-02 07:00:00,2026-07-02 07:00:00,9343.0840000000007
2026-07-02 08:00:00,2026-07-02 08:00:00,9367.5030000000006
2026-07-02 09:00:00,2026-07-02 09:00:00,9455.6659999999993
2026-07-02 10:00:00,2026-07-02 10:00:00,9298.7800000000007
2026-07-02 11:00:00,2026-07-02 11:00:00,9563.4740000000002
2026-07-02 12:00:00,2026-07-02 12:00:00,9579.2759999999998
2026-07-02 13:00:00,2026-07-02 13:00:00,9280.0419999999995
2026-07-02 14:00:00,2026-07-02 14:00:00,9512.3670000000002
2026-07-02 15:00:00,2026-07-02 15:00:00,9454.4220000000005
2026-07-02 16:00:00,2026-07-02 16:00:00,9486.5869999999995
2026-07-02 17:00:00,2026-07-02 17:00:00,9386.1880000000001
2026-07-02 18:00:00,2026-07-02 18:00:00,9706.0079999999998
2026-07-02 19:00:00,2026-07-02 19:00:00,9517.7430000000004
2026-07-02 20:00:00,2026-07-02 20:00:00,9345.2129999999997
2026-07-02 21:00:00,2026-07-02 21:00:00,9141.6180000000004
2026-07-02 22:00:00,2026-07-02 22:00:00,8734.3549999999996
2026-07-02 23:00:00,2026-07-02 23:00:00,8634.1880000000001
2026-07-03 00:00:00,2026-07-03 00:00:00,8695.1419999999998
2026-07-03 01:00:00,2026-07-03 01:00:00,8822.1540000000005
2026-07-03 02:00:00,2026-07-03 02:00:00,8860.4230000000007
2026-07-03 03:00:00,2026-07-03 03:00:00,8693.1910000000007
2026-07-03 04:00:00,2026-07-03 04:00:00,9020.6749999999993
2026-07-03 05:00:00,2026-07-03 05:00:00,9098.4410000000007
2026-07-03 06:00:00,2026-07-03 06:00:00,9044.2070000000003
2026-07-03 07:00:00,2026-07-03 07:00:00,9786.5570000000007
2026-07-03 08:00:00,2026-07-03 08:00:00,10379.046
2026-07-03 09:00:00,2026-07-03 09:00:00,10310.620999999999
2026-07-03 10:00:00,2026-07-03 10:00:00,10256.027
2026-07-03 11:00:00,2026-07-03 11:00:00,10582.494000000001
2026-07-03 12:00:00,2026-07-03 12:00:00,10706.261
2026-07-03 13:00:00,2026-07-03 13:00:00,10453.994000000001
2026-07-03 14:00:00,2026-07-03 14:00:00,9812.3940000000002
2026-07-03 15:00:00,2026-07-03 15:00:00,9625.6839999999993
2026-07-03 16:00:00,2026-07-03 16:00:00,9136.7600000000002
2026-07-03 17:00:00,2026-07-03 17:00:00,9586.6039999999994
2026-07-03 18:00:00,2026-07-03 18:00:00,9698.9150000000009
2026-07-03 19:00:00,2026-07-03 19:00:00,9962.7440000000006
2026-07-03 20:00:00,2026-07-03 20:00:00,10200.728999999999
2026-07-03 21:00:00,2026-07-03 21:00:00,10128.785
2026-07-03 22:00:00,2026-07-03 22:00:00,9945.1049999999996
2026-07-03 23:00:00,2026-07-03 23:00:00,9818.0400000000009
2026-07-04 00:00:00,2026-07-04 00:00:00,9395.1219999999994
2026-07-04 01:00:00,2026-07-04 01:00:00,8905.0200000000004
2026-07-04 02:00:00,2026-07-04 02:00:00,8860.3860000000004
2026-07-04 03:00:00,2026-07-04 03:00:00,8860.3860000000004
2026-07-04 04:00:00,2026-07-04 04:00:00,8977.5529999999999
2026-07-04 05:00:00,2026-07-04 05:00:00,9047.1990000000005
2026-07-04 06:00:00,2026-07-04 06:00:00,9041.9349999999995
2026-07-04 07:00:00,2026-07-04 07:00:00,9086.9060000000009
2026-07-04 08:00:00,2026-07-04 08:00:00,9217.5400000000009
2026-07-04 09:00:00,2026-07-04 09:00:00,9063.0280000000002
2026-07-04 10:00:00,2026-07-04 10:00:00,8982.0130000000008
2026-07-04 11:00:00,2026-07-04 11:00:00,9113.1229999999996
2026-07-04 12:00:00,2026-07-04 12:00:00,9297.5939999999991
2026-07-04 13:00:00,2026-07-04 13:00:00,9293.116
2026-07-04 14:00:00,2026-07-04 14:00:00,9199.4830000000002
2026-07-04 15:00:00,2026-07-04 15:00:00,9601.116
2026-07-04 16:00:00,2026-07-04 16:00:00,9624.1689999999999
2026-07-04 17:00:00,2026-07-04 17:00:00,9875.5010000000002
2026-07-04 18:00:00,2026-07-04 18:00:00,9618.0329999999994
2026-07-04 19:00:00,2026-07-04 19:00:00,9557.8940000000002
2026-07-04 20:00:00,2026-07-04 20:00:00,9487.1290000000008
2026-07-04 21:00:00,2026-07-04 21:00:00,9349.9140000000007
2026-07-04 22:00:00,2026-07-04 22:00:00,9371.1640000000007
2026-07-04 23:00:00,2026-07-04 23:00:00,9371.1640000000007
